Date,Open,High,Low,Close,Adj Close,Volume,Ticker,Pivot,BC,TC,S1,S2,S3,R1,R2,R3
2022-01-03,144.47549438476562,145.5500030517578,143.50250244140625,145.07449340820312,145.07449340820312,25214000,GOOG,144.70899963378906,144.52625274658203,144.8917465209961,143.8679962158203,142.6614990234375,141.82049560546875,145.91549682617188,146.75650024414062,147.96299743652344
2022-01-04,145.55050659179688,146.61000061035156,143.81614685058594,144.41650390625,144.41650390625,22928000,GOOG,144.94755045572916,145.21307373046875,144.68202718098956,143.28510030110675,142.15369669596353,140.49124654134113,146.07895406087238,147.74140421549478,148.872807820638
2022-01-05,144.18099975585938,144.29800415039062,137.52349853515625,137.65350341796875,137.65350341796875,49642000,GOOG,139.82500203450522,140.91075134277344,138.739252726237,135.3519999186198,133.05049641927084,128.57749430338544,142.12650553385419,146.5995076497396,148.90101114908856
2022-01-06,137.49749755859375,139.68600463867188,136.7635040283203,137.55099487304688,137.55099487304688,29050000,GOOG,138.0001678466797,138.2247543334961,137.77558135986328,136.3143310546875,135.07766723632812,133.39183044433594,139.23683166503906,140.92266845703125,142.15933227539062
2022-01-07,137.90499877929688,138.25474548339844,135.78900146484375,137.00450134277344,137.00450134277344,19408000,GOOG,137.01608276367188,137.0218734741211,137.01029205322266,135.7774200439453,134.5503387451172,133.31167602539062,138.2431640625,139.48182678222656,140.7089080810547
2022-01-10,135.0989990234375,138.63999938964844,133.1405029296875,138.57400512695312,138.57400512695312,34096000,GOOG,136.7848358154297,135.89025115966797,137.6794204711914,134.92967224121094,131.28533935546875,129.43017578125,140.42916870117188,142.28433227539062,145.9286651611328
2022-01-11,138.1804962158203,140.32949829101562,136.81350708007812,140.0175018310547,140.0175018310547,23502000,GOOG,139.05350240071616,138.57150268554688,139.53550211588544,137.77750651041669,135.53751118977866,134.26151529947919,141.29349772135419,142.56949361165366,144.80948893229169
2022-01-12,141.55450439453125,142.8142547607422,141.11199951171875,141.6479949951172,141.6479949951172,23642000,GOOG,141.85808308919272,141.96312713623047,141.75303904215497,140.90191141764325,140.15582784016928,139.1996561686198,142.60416666666669,143.56033833821616,144.30642191569012
2022-01-13,141.8404998779297,143.1855010986328,138.91400146484375,139.13099670410156,139.13099670410156,26566000,GOOG,140.41016642252603,141.04975128173828,139.77058156331378,137.63483174641925,136.13866678873697,133.3633321126302,141.90633138020831,144.6816660563151,146.17783101399738
2022-01-14,137.5,141.20050048828125,137.5,139.7864990234375,139.7864990234375,23826000,GOOG,139.49566650390625,139.35025024414062,139.64108276367188,137.79083251953125,135.795166015625,134.09033203125,141.4913330078125,143.1961669921875,145.19183349609375
2022-01-18,136.60000610351562,137.39149475097656,135.61700439453125,136.29049682617188,136.29049682617188,27382000,GOOG,136.43299865722656,136.5042495727539,136.36174774169922,135.47450256347656,134.65850830078125,133.70001220703125,137.24899291992188,138.20748901367188,139.0234832763672
2022-01-19,136.93850708007812,138.39950561523438,135.5,135.65199279785156,135.65199279785156,20796000,GOOG,136.5171661376953,136.9497528076172,136.08457946777344,134.63482666015625,133.61766052246094,131.73532104492188,137.53433227539062,139.4166717529297,140.433837890625
2022-01-20,136.51400756835938,137.91200256347656,133.14450073242188,133.50650024414062,133.50650024414062,21930000,GOOG,134.85433451334634,135.52825164794922,134.18041737874347,131.79666646321613,130.08683268229166,127.02916463216144,136.56416829427081,139.62183634440103,141.3316701253255
2022-01-21,133.01199340820312,134.760498046875,130.00100708007812,130.0919952392578,130.0919952392578,41920000,GOOG,131.61783345540366,132.38075256347656,130.85491434733075,128.4751688639323,126.85834248860678,123.71567789713544,133.23465983072919,136.37732442220053,137.99415079752606
2022-01-24,126.02749633789062,130.77850341796875,124.64195251464844,130.3719940185547,130.3719940185547,55148000,GOOG,128.59748331705728,127.7102279663086,129.48473866780597,126.41646321614581,122.46093241373697,120.2799123128255,132.55301411946613,134.7340342203776,138.68956502278644
2022-01-25,128.4355010986328,129.3385009765625,126.37799835205078,126.7354965209961,126.7354965209961,36008000,GOOG,127.48399861653645,127.85824966430664,127.10974756876627,125.62949625651041,124.52349599202473,122.66899363199869,128.58999888102213,130.44450124104816,131.55050150553384
2022-01-26,130.59249877929688,132.8074951171875,127.15350341796876,129.24000549316406,129.24000549316406,39630000,GOOG,129.7336680094401,129.98049926757812,129.48683675130206,126.65984090169269,124.07967631022136,121.00584920247395,132.31383260091144,135.38765970865882,137.96782430013016
2022-01-27,131.36099243164062,132.60995483398438,128.94500732421875,129.12100219726562,129.12100219726562,30248000,GOOG,130.2253214518229,130.77748107910156,129.67316182454425,127.84068806966144,126.56037394205728,124.17574055989581,131.50563557942706,133.89026896158853,135.1705830891927
2022-01-28,130.0,133.37049865722656,128.6945037841797,133.2895050048828,133.2895050048828,30518000,GOOG,131.7848358154297,131.03250122070312,132.53717041015625,130.1991729736328,127.10884094238281,125.52317810058594,134.8751678466797,136.46083068847656,139.55116271972656
2022-01-31,134.197998046875,135.843505859375,132.2740020751953,135.69850158691406,135.69850158691406,34056000,GOOG,134.60533650716147,134.05875396728516,135.15191904703778,133.36716715494794,131.03583272298178,129.79766337076825,136.93667093912762,138.17484029134116,140.5061747233073
2022-02-01,137.8350067138672,138.1999969482422,134.56825256347656,137.8784942626953,137.8784942626953,51204000,GOOG,136.8822479248047,136.38412475585938,137.38037109375,135.5644989013672,133.25050354003906,131.93275451660156,139.1962432861328,140.5139923095703,142.82798767089844
2022-02-02,151.86349487304688,152.10000610351562,145.5574951171875,148.0364990234375,148.0364990234375,89750000,GOOG,148.56466674804688,148.82875061035156,148.3005828857422,145.02932739257812,142.02215576171875,138.48681640625,151.57183837890625,155.107177734375,158.11434936523438
2022-02-03,145.2949981689453,149.11770629882812,142.2050018310547,142.65049743652344,142.65049743652344,56930000,GOOG,144.6577351888021,145.6613540649414,143.65411631266278,140.19776407877606,137.74503072102866,133.28505961100262,147.1104685465495,151.57043965657553,154.02317301432294
2022-02-04,143.01699829101562,144.53524780273438,139.8175048828125,143.01600646972656,143.01600646972656,49224000,GOOG,142.4562530517578,142.17637634277344,142.7361297607422,140.37725830078125,137.73851013183594,135.65951538085938,145.09500122070312,147.1739959716797,149.812744140625
2022-02-07,143.70899963378906,143.84649658203125,138.69900512695312,138.93800354003906,138.93800354003906,44610000,GOOG,140.49450174967447,141.2727508544922,139.71625264485675,137.1425069173177,135.34701029459634,131.99501546223956,142.28999837239581,145.6419932047526,147.43748982747394
2022-02-08,138.9912567138672,139.83709716796875,136.8730010986328,139.21299743652344,139.21299743652344,34256000,GOOG,138.64103190104166,138.35504913330078,138.92701466878253,137.44496663411456,135.67693583170572,134.48087056477863,140.4090627034505,141.6051279703776,143.37315877278644
2022-02-09,140.84974670410156,142.17550659179688,140.3769989013672,141.4530029296875,141.4530029296875,28628000,GOOG,141.33516947428384,141.27625274658203,141.39408620198566,140.49483235677081,139.53666178385416,138.69632466634113,142.2933400472005,143.13367716471353,144.0918477376302
2022-02-10,139.5,141.43099975585938,138.0500030517578,138.6024932861328,138.6024932861328,33018000,GOOG,139.36116536458334,139.7405014038086,138.9818293253581,137.2913309733073,135.98016866048178,133.91033426920575,140.67232767740887,142.7421620686849,144.05332438151044
2022-02-11,138.75,139.2832489013672,133.2884979248047,134.1300048828125,134.1300048828125,38808000,GOOG,135.56725056966147,136.28587341308594,134.848627726237,131.85125223795575,129.57249959309897,125.85650126139325,137.84600321451825,141.56200154622397,143.84075419108075
2022-02-14,133.36549377441406,136.16650390625,133.302001953125,135.3000030517578,135.3000030517578,26792000,GOOG,134.92283630371094,134.7342529296875,135.11141967773438,133.67916870117188,132.05833435058594,130.81466674804688,136.54367065429688,137.78733825683594,139.40817260742188
2022-02-15,137.47149658203125,137.89999389648438,135.5395050048828,136.42550659179688,136.42550659179688,26578000,GOOG,136.62166849772134,136.7197494506836,136.5235875447591,135.34334309895831,134.26117960611978,132.98285420735675,137.70383199055988,138.9821573893229,140.06432088216144
2022-02-16,136.4304962158203,137.9459991455078,134.8236541748047,137.4875030517578,137.4875030517578,25610000,GOOG,136.75238545735678,136.38482666015625,137.1199442545573,135.55877176920575,133.63004048665366,132.43642679850262,138.68111673990887,139.8747304280599,141.803461710612
2022-02-17,136.14999389648438,136.83949279785156,132.20199584960938,132.30850219726562,132.30850219726562,30968000,GOOG,133.78333028157553,134.52074432373047,133.0459162394206,130.7271677652995,129.14583333333334,126.08967081705731,135.36466471354169,138.42082722981772,140.00216166178387
2022-02-18,133.03750610351562,133.82400512695312,130.3070526123047,130.46749877929688,130.46749877929688,31858000,GOOG,131.53285217285156,132.0655288696289,131.00017547607422,129.24169921875,128.01589965820312,125.72474670410156,132.75865173339844,135.0498046875,136.27560424804688
2022-02-22,129.98500061035156,131.9007568359375,127.74099731445312,129.40249633789062,129.40249633789062,38906000,GOOG,129.6814168294271,129.8208770751953,129.54195658365887,127.46207682291669,125.52165730794272,123.30231730143231,131.62183634440106,133.84117635091147,135.78159586588544
2022-02-23,131.07850646972656,131.74899291992188,127.50350189208984,127.58499908447266,127.58499908447266,26432000,GOOG,128.94583129882812,129.62624740600586,128.2654151916504,126.14266967773438,124.7003402709961,121.89717864990234,130.3881607055664,133.19132232666016,134.63365173339844
2022-02-24,125.0,133.03700256347656,124.7645034790039,132.67349243164062,132.67349243164062,43166000,GOOG,130.15833282470703,128.90075302124023,131.41591262817383,127.2796630859375,121.88583374023438,119.00716400146484,135.55216217041016,138.4308319091797,143.8246612548828
2022-02-25,133.52549743652344,135.38900756835938,131.76499938964844,134.51950073242188,134.51950073242188,26236000,GOOG,133.89116923014322,133.5770034790039,134.20533498128253,132.39333089192706,130.26716105143228,128.76932271321613,136.017339070638,137.51517740885416,139.64134724934894
2022-02-28,133.2845001220703,135.6405029296875,132.82525634765625,134.89100646972656,134.89100646972656,29676000,GOOG,134.45225524902344,134.23287963867188,134.671630859375,133.26400756835938,131.6370086669922,130.44876098632812,136.07925415039062,137.2675018310547,138.89450073242188
2022-03-01,134.47999572753906,136.11099243164062,133.3784942626953,134.16799926757812,134.16799926757812,24640000,GOOG,134.55249532063803,134.74474334716797,134.3602472941081,132.99399820963544,131.81999715169272,130.26150004069012,135.72649637858075,137.28499348958334,138.45899454752606
2022-03-02,134.60824584960938,135.61549377441406,133.4324951171875,134.75149536132812,134.75149536132812,23966000,GOOG,134.5998280843099,134.52399444580078,134.67566172281903,133.58416239420575,132.41682942708334,131.40116373697919,135.7671610514323,136.78282674153647,137.95015970865887
2022-03-03,135.97850036621094,136.71380615234375,133.43099975585938,134.30799865722656,134.30799865722656,19780000,GOOG,134.8176015218099,135.07240295410156,134.56280008951825,132.92139689127606,131.53479512532553,129.63859049479169,136.20420328776044,138.10040791829428,139.4870096842448
2022-03-04,133.38250732421875,134.19900512695312,130.4084930419922,132.1219940185547,132.1219940185547,24446000,GOOG,132.2431640625,132.30374908447266,132.18257904052734,130.28732299804688,128.45265197753906,126.49681091308594,134.0778350830078,136.03367614746094,137.86834716796875
2022-03-07,131.9040069580078,131.9040069580078,126.41000366210938,126.4645004272461,126.4645004272461,39178000,GOOG,128.25950368245444,129.1570053100586,127.36200205485028,124.61500040690106,122.765500386556,119.12099711100262,130.1090037027995,133.75350697835287,135.60300699869794
2022-03-08,126.25050354003906,131.2465057373047,125.86074829101562,127.27850341796876,127.27850341796876,35250000,GOOG,128.1285858154297,128.55362701416016,127.70354461669922,125.01066589355469,122.74282836914062,119.62490844726562,130.39642333984375,133.51434326171875,135.7821807861328
2022-03-09,131.39999389648438,134.19850158691406,130.08799743652344,133.86599731445312,133.86599731445312,32258000,GOOG,132.71749877929688,132.14324951171875,133.291748046875,131.2364959716797,128.60699462890625,127.12599182128906,135.3470001220703,136.8280029296875,139.45750427246094
2022-03-10,131.46249389648438,133.5384979248047,131.4010009765625,132.6820068359375,132.6820068359375,24266000,GOOG,132.5405019124349,132.4697494506836,132.61125437418622,131.54250590006512,130.40300496419272,129.40500895182294,133.6800028483073,134.6779988606771,135.8174997965495
2022-03-11,133.99949645996094,134.1999969482422,130.29649353027344,130.47549438476562,130.47549438476562,26600000,GOOG,131.6573282877604,132.2482452392578,131.066411336263,129.11465962727863,127.75382486979166,125.21115620930988,133.01816304524738,135.56083170572916,136.92166646321613
2022-03-14,130.572998046875,131.0260009765625,126.41300201416016,126.74099731445312,126.74099731445312,30254000,GOOG,128.06000010172525,128.71950149536133,127.40049870808917,125.093999226888,123.44700113932291,120.48100026448566,129.70699818929035,132.6729990641276,134.3199971516927
2022-03-15,127.7415008544922,130.51724243164062,126.56800079345705,129.66050720214844,129.66050720214844,30292000,GOOG,128.91525014241537,128.54262161254883,129.28787867228192,127.31325785319012,124.9660085042318,123.36401621500654,131.26249949137372,132.86449178059894,135.21174112955728
2022-03-16,131.0,133.77099609375,129.2010040283203,133.6905059814453,133.6905059814453,32058000,GOOG,132.22083536783853,131.48600006103516,132.9556706746419,130.67067464192706,127.65084330240884,126.10068257649738,135.24066670735675,136.79082743326822,139.81065877278644
2022-03-17,133.3209991455078,134.739501953125,132.718994140625,134.60049438476562,134.60049438476562,23994000,GOOG,134.01966349283853,133.729248046875,134.31007893880206,133.29982503255206,131.99915568033853,131.27931722005206,135.32033284505206,136.04017130533853,137.34084065755206
2022-03-18,133.88400268554688,136.9134979248047,132.9320068359375,136.80149841308594,136.80149841308594,45900000,GOOG,135.54900105794272,134.9227523803711,136.17524973551434,134.18450419108075,131.56750996907553,130.20301310221356,138.16599527994794,139.5304921468099,142.14748636881512
2022-03-21,136.84750366210938,137.58250427246094,134.6114959716797,136.47850036621094,136.47850036621094,26632000,GOOG,136.2241668701172,136.0970001220703,136.35133361816406,134.86582946777344,133.25315856933594,131.8948211669922,137.8368377685547,139.19517517089844,140.80784606933594
2022-03-22,136.5,141.5,136.5,140.27749633789062,140.27749633789062,29776000,GOOG,139.42583211263022,139.0,139.85166422526044,137.35166422526044,134.42583211263022,132.35166422526044,142.35166422526044,144.42583211263022,147.35166422526044
2022-03-23,139.1385040283203,140.02499389648438,138.16650390625,138.5034942626953,138.5034942626953,25302000,GOOG,138.89833068847656,139.0957489013672,138.70091247558594,137.77166748046875,137.0398406982422,135.91317749023438,139.63015747070312,140.75682067871094,141.4886474609375
2022-03-24,139.2725067138672,141.39649963378906,138.03939819335938,141.31199645996094,141.31199645996094,20544000,GOOG,140.24929809570312,139.71794891357422,140.78064727783203,139.1020965576172,136.89219665527344,135.7449951171875,142.45919799804688,143.6063995361328,145.81629943847656
2022-03-25,141.75399780273438,141.95950317382812,139.69949340820312,141.52149963378906,141.52149963378906,19270000,GOOG,141.06016540527344,140.82949829101562,141.29083251953125,140.16082763671875,138.80015563964844,137.90081787109375,142.42083740234375,143.32017517089844,144.68084716796875
2022-03-28,140.6844940185547,141.97650146484375,139.82815551757812,141.9499969482422,141.9499969482422,23774000,GOOG,141.25155131022134,140.90232849121094,141.60077412923175,140.52660115559894,139.10320536295572,138.37825520833331,142.67494710286456,143.39989725748697,144.8232930501302
2022-03-29,143.16050720214844,144.16250610351562,142.48399353027344,143.25,143.25,28678000,GOOG,143.29883321126303,143.32324981689453,143.27441660563153,142.43516031901044,141.62032063802084,140.75664774576825,144.11367289225262,144.97734578450522,145.7921854654948
2022-03-30,142.8699951171875,143.48049926757812,142.16799926757812,142.64450073242188,142.64450073242188,21046000,GOOG,142.76433308919272,142.82424926757812,142.7044169108073,142.0481669108073,141.45183308919272,140.7356669108073,143.3606669108073,144.07683308919272,144.6731669108073
2022-03-31,142.44850158691406,142.64450073242188,139.61900329589844,139.64950561523438,139.64950561523438,29516000,GOOG,140.6376698811849,141.13175201416016,140.14358774820965,138.63083902994794,137.61217244466147,135.6053415934245,141.65633646647137,143.66316731770834,144.6818339029948
2022-04-01,140.00999450683594,140.9499969482422,138.7969970703125,140.6999969482422,140.6999969482422,23480000,GOOG,140.14899698893228,139.87349700927734,140.42449696858722,139.34799702962238,137.9959971110026,137.1949971516927,141.50099690755206,142.30199686686197,143.65399678548175
2022-04-04,140.82449340820312,144.0437469482422,140.82449340820312,143.6425018310547,143.6425018310547,19076000,GOOG,142.8369140625,142.43412017822266,143.23970794677734,141.6300811767578,139.61766052246094,138.41082763671875,144.84933471679688,146.05616760253906,148.06858825683594
2022-04-05,143.39950561523438,143.58999633789062,140.94349670410156,141.06300354003906,141.06300354003906,19256000,GOOG,141.8654988606771,142.2667465209961,141.4642512003581,140.14100138346356,139.21899922688803,137.4945017496745,142.78750101725262,144.51199849446616,145.43400065104169
2022-04-06,139.1614990234375,139.84849548339844,136.41810607910156,137.17599487304688,137.17599487304688,23574000,GOOG,137.81419881184897,138.13330078125,137.49509684244794,135.7799021402995,134.3838094075521,132.34951273600262,139.21029154459637,141.24458821614584,142.64068094889325
2022-04-07,136.6179962158203,137.70150756835938,134.8572540283203,136.46499633789062,136.46499633789062,19448000,GOOG,136.34125264485678,136.27938079833984,136.40312449137372,134.98099772135419,133.49699910481772,132.13674418131512,137.82525126139325,139.18550618489584,140.6695048014323
2022-04-08,136.25,136.25,133.75250244140625,134.010498046875,134.010498046875,16434000,GOOG,134.6710001627604,135.00125122070312,134.3407491048177,133.09200032552081,132.17350260416666,130.59450276692706,135.58949788411456,137.16849772135416,138.08699544270831
2022-04-11,132.89999389648438,132.93919372558594,129.61749267578125,129.79649353027344,129.79649353027344,24188000,GOOG,130.78439331054688,131.2783432006836,130.29044342041016,128.6295928955078,127.46269226074219,125.30789184570312,131.9512939453125,134.10609436035156,135.2729949951172
2022-04-12,132.42349243164062,132.42349243164062,127.57599639892578,128.37449645996094,128.37449645996094,23004000,GOOG,129.45799509684244,129.9997444152832,128.91624577840167,126.49249776204425,124.6104990641276,121.64500172932941,131.3399937947591,134.30549112955728,136.18748982747394
2022-04-13,128.62649536132812,130.65574645996094,128.4385986328125,130.28599548339844,130.28599548339844,19542000,GOOG,129.79344685872397,129.54717254638672,130.03972117106122,128.931147257487,127.57629903157553,126.71399943033856,131.14829508463544,132.0105946858724,133.36544291178387
2022-04-14,130.64950561523438,130.7102508544922,127.11150360107422,127.25299835205078,127.25299835205078,23484000,GOOG,128.3582509358724,128.9108772277832,127.80562464396161,126.00625101725262,124.75950368245444,122.40750376383465,129.6049982706706,131.95699818929037,133.20374552408856
2022-04-18,127.41000366210938,128.71200561523438,126.57845306396484,127.96099853515624,127.96099853515624,14918000,GOOG,127.75048573811848,127.64522933959961,127.85574213663736,126.7889658610026,125.61693318684895,124.65541330973306,128.92251841227213,129.884038289388,131.05607096354166
2022-04-19,128.07699584960938,130.90374755859375,127.45149993896484,130.531005859375,130.531005859375,22720000,GOOG,129.62875111897787,129.1776237487793,130.07987848917645,128.353754679362,126.17650349934897,124.90150705973309,131.8060022989909,133.08099873860678,135.2582499186198
2022-04-20,131.28399658203125,131.92349243164062,127.89405059814452,128.24549865722656,128.24549865722656,22610000,GOOG,129.3543472290039,129.90877151489258,128.79992294311523,126.78520202636719,125.3249053955078,122.75576019287108,130.81464385986328,133.3837890625,134.8440856933594
2022-04-21,129.35000610351562,130.3074951171875,124.6500015258789,124.9375,124.9375,30158000,GOOG,126.6316655476888,127.4787483215332,125.78458277384439,122.9558359781901,120.9741719563802,117.2983423868815,128.6133295694987,132.28915913899738,134.27082316080728
2022-04-22,125.0,125.4520034790039,119.1405029296875,119.61399841308594,119.61399841308594,46410000,GOOG,121.40216827392578,122.2962532043457,120.50808334350586,117.35233306884766,115.09066772460938,111.04083251953125,123.66383361816406,127.71366882324219,129.97533416748047
2022-04-25,119.42949676513672,123.27799987792967,118.76924896240234,123.25,123.25,34522000,GOOG,121.76574961344402,121.02362442016602,122.50787480672201,120.25349934895836,117.25699869791669,115.74474843343103,124.76225026448569,126.27450052897134,129.271001180013
2022-04-26,122.75,122.75,119.16184997558594,119.50599670410156,119.50599670410156,49394000,GOOG,120.47261555989583,120.95592498779297,119.98930613199869,118.19523111979166,116.88446553548177,114.6070810953776,121.78338114420572,124.06076558430989,125.37153116861978
2022-04-27,114.3730010986328,117.5,113.12425231933594,115.02050018310548,115.02050018310548,62238000,GOOG,115.2149175008138,115.31212615966797,115.11770884195963,112.9298350016276,110.83916982014973,108.55408732096353,117.30558268229166,119.59066518147786,121.68133036295572
2022-04-28,117.11499786376952,120.4384994506836,115.1438980102539,119.4114990234375,119.4114990234375,36790000,GOOG,118.331298828125,117.79119873046875,118.87139892578125,116.2240982055664,113.03669738769531,110.92949676513672,121.5186996459961,123.62590026855469,126.81330108642578
2022-04-29,117.5780029296875,118.95999908447266,114.69400024414062,114.96649932861328,114.96649932861328,33694000,GOOG,116.20683288574219,116.82699966430664,115.58666610717773,113.45366668701172,111.94083404541016,109.18766784667969,117.71966552734375,120.47283172607422,121.98566436767578
2022-05-02,113.90650177001952,117.3395004272461,113.39949798583984,117.15699768066406,117.15699768066406,30280000,GOOG,115.96533203125,115.36949920654297,116.56116485595703,114.5911636352539,112.02532958984375,110.65116119384766,118.53116607666016,119.90533447265625,122.4711685180664
2022-05-03,116.76499938964844,119.3000030517578,116.6269989013672,118.12950134277344,118.12950134277344,21216000,GOOG,118.01883443196614,117.9635009765625,118.07416788736978,116.73766581217448,115.34583028157554,114.06466166178389,119.41066996256508,120.69183858235674,122.08367411295568
2022-05-04,118.00350189208984,123.14299774169922,115.7385025024414,122.5749969482422,122.5749969482422,33232000,GOOG,120.48549906412761,119.44075012207031,121.5302480061849,117.828000386556,113.0810038248698,110.42350514729819,125.23249562581381,127.88999430338542,132.63699086507162
2022-05-05,120.22049713134766,121.2332534790039,115.18250274658205,116.74649810791016,116.74649810791016,43090000,GOOG,117.7207514444987,118.20787811279297,117.23362477620444,114.2082494099935,111.67000071207684,108.15749867757164,120.25900014241536,123.77150217692056,126.30975087483722
2022-05-06,115.5189971923828,117.49849700927734,114.14299774169922,115.66000366210938,115.66000366210938,35310000,GOOG,115.76716613769531,115.82074737548828,115.71358489990234,114.03583526611328,112.41166687011719,110.68033599853516,117.3913345336914,119.12266540527344,120.74683380126953
2022-05-09,113.30349731445312,115.56289672851562,112.55149841308594,113.08399963378906,113.08399963378906,34520000,GOOG,113.73279825846355,114.05719757080078,113.40839894612631,111.90269978841147,110.72139994303386,108.89130147298178,114.91409810384116,116.74419657389323,117.92549641927084
2022-05-10,116.04049682617188,116.69100189208984,113.38330078125,114.58450317382812,114.58450317382812,31158000,GOOG,114.88626861572266,115.03715133666992,114.73538589477539,113.08153533935547,111.57856750488281,109.77383422851562,116.38923645019531,118.1939697265625,119.69693756103516
2022-05-11,113.71050262451172,116.6709976196289,113.6500015258789,113.96099853515624,113.96099853515624,36502000,GOOG,114.76066589355469,115.1604995727539,114.36083221435547,112.85033416748047,111.73966979980469,109.82933807373047,115.87133026123047,117.78166198730469,118.89232635498047
2022-05-12,111.93800354003906,114.85649871826172,110.1135025024414,113.16100311279295,113.16100311279295,41464000,GOOG,112.71033477783203,112.48500061035156,112.9356689453125,110.56417083740234,107.96733856201172,105.82117462158203,115.30716705322266,117.45333099365234,120.05016326904297
2022-05-13,114.84549713134766,118.08499908447266,114.0,116.5155029296875,116.5155029296875,29738000,GOOG,116.20016733805339,116.04249954223633,116.35783513387045,114.31533559163412,112.11516825358073,110.23033650716147,118.40033467610678,120.28516642252605,122.48533376057944
2022-05-16,115.38400268554688,116.60749816894533,114.33499908447266,114.7925033569336,114.7925033569336,23282000,GOOG,115.24500020345052,115.47124862670898,115.01875178019205,113.8825022379557,112.97250111897785,111.61000315348304,116.15500132242838,117.51749928792319,118.42750040690105
2022-05-17,117.22750091552734,117.22750091552734,115.3375015258789,116.70149993896484,116.70149993896484,21576000,GOOG,116.4221674601237,116.28250122070312,116.56183369954428,115.61683400472006,114.53216807047527,113.72683461507162,117.5068333943685,118.31216684977214,119.39683278401694
2022-05-18,115.2375030517578,115.69564819335938,112.14199829101562,112.4010009765625,112.4010009765625,27982000,GOOG,113.41288248697917,113.9188232421875,112.90694173177084,111.13011678059897,109.85923258463542,107.57646687825522,114.68376668294272,116.96653238932292,118.23741658528647
2022-05-19,111.84100341796876,113.5875015258789,110.46800231933594,110.74549865722656,110.74549865722656,29192000,GOOG,111.60033416748047,112.02775192260742,111.17291641235352,109.61316680908203,108.4808349609375,106.49366760253906,112.732666015625,114.71983337402344,115.85216522216797
2022-05-20,112.08550262451172,112.5500030517578,106.3730010986328,109.31300354003906,109.31300354003906,37586000,GOOG,109.41200256347656,109.4615020751953,109.36250305175783,106.27400207519533,103.23500061035156,100.09700012207033,112.45100402832033,115.58900451660156,118.62800598144533
2022-05-23,110.10399627685548,112.00550079345705,109.1542510986328,111.66649627685548,111.66649627685548,31558000,GOOG,110.94208272298177,110.57987594604492,111.30428949991861,109.87866465250649,108.09083302815752,107.02741495768224,112.72991434733073,113.79333241780601,115.58116404215498
2022-05-24,106.37750244140624,106.3949966430664,102.20800018310548,105.9260025024414,105.9260025024414,60386000,GOOG,104.84299977620442,104.30149841308594,105.38450113932291,103.29100290934244,100.6560033162435,99.10400644938152,107.47799936930336,109.02999623616535,111.66499582926429
2022-05-25,105.14199829101562,106.5447006225586,104.21125030517578,105.8395004272461,105.8395004272461,37900000,GOOG,105.53181711832683,105.37797546386719,105.68565877278647,104.51893361409506,103.19836680094402,102.18548329671225,106.85238393147787,107.86526743570964,109.18583424886069
2022-05-26,106.05049896240234,108.95525360107422,105.48799896240234,108.2959976196289,108.2959976196289,30288000,GOOG,107.57975006103516,107.22162628173828,107.93787384033203,106.2042465209961,104.11249542236328,102.73699188232422,109.67150115966797,111.04700469970703,113.13875579833984
2022-05-27,109.78849792480467,112.86799621582033,109.5500030517578,112.79900360107422,112.79900360107422,29924000,GOOG,111.73900095621745,111.20899963378906,112.26900227864584,110.61000569661458,108.42100779215492,107.29201253255205,113.9279988606771,115.05699412027998,117.24599202473964
2022-05-31,113.0790023803711,116.43350219726562,112.57250213623048,114.03900146484376,114.03900146484376,51302000,GOOG,114.34833526611328,114.50300216674805,114.19366836547852,112.26316833496094,110.48733520507814,108.4021682739258,116.12416839599608,118.20933532714842,119.98516845703122
2022-06-01,114.93150329589844,117.39900207519533,113.55049896240234,114.13700103759766,114.13700103759766,28630000,GOOG,115.02883402506511,115.47475051879883,114.58291753133139,112.65866597493489,111.18033091227213,108.81016286214191,116.50716908772787,118.87733713785809,120.35567220052086
2022-06-02,114.18800354003906,117.89800262451172,113.30799865722656,117.74600219726562,117.74600219726562,27472000,GOOG,116.3173344930013,115.60300064086914,117.03166834513345,114.73666636149088,111.72733052571614,110.14666239420572,119.32667032877603,120.90733846028645,123.91667429606119
2022-06-03,115.99250030517578,116.364501953125,113.66799926757812,114.56400299072266,114.56400299072266,25052000,GOOG,114.8655014038086,115.01625061035156,114.71475219726562,113.36650085449219,112.16899871826172,110.66999816894531,116.06300354003906,117.56200408935547,118.75950622558594
2022-06-06,116.74250030517578,119.39849853515624,116.5282974243164,117.010498046875,117.010498046875,23786000,GOOG,117.64576466878255,117.96339797973633,117.32813135782877,115.89303080240886,114.77556355794272,113.02282969156903,118.76323191324869,120.51596577962238,121.63343302408852
2022-06-07,115.64800262451172,117.74864959716795,115.12550354003906,117.22949981689452,117.22949981689452,26414000,GOOG,116.70121765136719,116.43707656860352,116.96535873413086,115.65378570556642,114.0780715942383,113.03063964843753,118.27693176269531,119.32436370849608,120.9000778198242
2022-06-08,116.87650299072266,118.64600372314452,116.69674682617188,117.23799896240234,117.23799896240234,22544000,GOOG,117.52691650390625,117.6713752746582,117.3824577331543,116.40782928466798,115.57765960693361,114.45857238769534,118.35708618164062,119.47617340087889,120.30634307861327
2022-06-09,116.34149932861328,118.3499984741211,114.86699676513672,114.91799926757812,114.91799926757812,23142000,GOOG,116.04499816894531,116.6084976196289,115.48149871826172,113.73999786376953,112.56199645996094,110.25699615478516,117.2229995727539,119.52799987792969,120.70600128173828
2022-06-10,112.78125,113.49700164794922,110.86100006103516,111.42749786376952,111.42749786376952,31324000,GOOG,111.92849985758464,112.17900085449219,111.67799886067709,110.35999806722006,109.29249827067058,107.723996480306,112.99599965413412,114.5645014444987,115.63200124104819
2022-06-13,107.4459991455078,109.21849822998048,106.58805084228516,106.87650299072266,106.87650299072266,36756000,GOOG,107.56101735432942,107.90327453613281,107.21876017252603,105.90353647867836,104.9305699666341,103.27308909098304,108.53398386637369,110.19146474202475,111.16443125406902
2022-06-14,106.88999938964844,108.4574966430664,106.35199737548828,107.19400024414062,107.19400024414062,25480000,GOOG,107.33449808756511,107.40474700927734,107.26424916585287,106.21149953206381,105.22899881998698,104.10600026448569,108.31699879964194,109.43999735514323,110.42249806722006
2022-06-15,108.89949798583984,112.06300354003906,108.1187515258789,110.3905029296875,110.3905029296875,33192000,GOOG,110.19075266520183,110.09087753295898,110.29062779744467,108.31850179036459,106.24650065104167,104.37424977620444,112.26275380452475,114.13500467936198,116.2070058186849
2022-06-16,108.14949798583984,109.29049682617188,105.7925033569336,106.63600158691406,106.63600158691406,35314000,GOOG,107.23966725667317,107.54150009155273,106.93783442179361,105.18883768717447,103.74167378743489,101.69084421793619,108.68683115641275,110.73766072591145,112.18482462565103
2022-06-17,106.53500366210938,109.24949645996094,105.62854766845705,107.8655014038086,107.8655014038086,43516000,GOOG,107.58118184407552,107.43902206420898,107.72334162394205,105.9128672281901,103.96023305257162,102.2919184366862,109.53381601969399,111.20213063557941,113.15476481119788
2022-06-21,109.7020034790039,112.6729965209961,109.2935028076172,112.01499938964844,112.01499938964844,39010000,GOOG,111.32716623942058,110.98324966430664,111.67108281453451,109.98133595784506,107.94767252604169,106.60184224446617,113.36082967122395,114.70665995279947,116.74032338460285
2022-06-22,111.16300201416016,113.76950073242188,110.72429656982422,112.03399658203124,112.03399658203124,23922000,GOOG,112.17593129475911,112.24689865112305,112.10496393839517,110.58236185709634,109.13072713216145,107.53715769449869,113.627566019694,115.22113545735677,116.67277018229166
2022-06-23,112.9499969482422,113.19650268554688,111.02899932861328,112.68450164794922,112.68450164794922,24710000,GOOG,112.30333455403645,112.11275100708008,112.49391810099283,111.41016642252603,110.13583119710286,109.24266306559244,113.57766977945963,114.47083791097005,115.74517313639322
2022-06-24,113.60299682617188,118.6374969482422,113.60299682617188,118.53800201416016,118.53800201416016,39122000,GOOG,116.92616526285808,116.12024688720703,117.73208363850912,115.21483357747395,111.89166514078775,110.18033345540363,120.24933369954428,121.9606653849284,125.2838338216146
2022-06-27,118.93499755859376,119.25,116.00074768066406,116.62249755859376,116.62249755859376,32840000,GOOG,117.29108174641927,117.62537384033203,116.9567896525065,115.33216349283853,114.04182942708333,112.0829111735026,118.58141581217447,120.5403340657552,121.83066813151041
2022-06-28,116.35099792480467,117.85649871826172,112.44400024414062,112.57150268554688,112.57150268554688,28232000,GOOG,114.29066721598308,115.15024948120117,113.43108495076498,110.72483571370444,108.87816874186198,105.31233723958334,116.13733418782553,119.70316569010417,121.54983266194662
2022-06-29,112.14849853515624,113.66449737548828,111.5540008544922,112.25650024414062,112.25650024414062,18628000,GOOG,112.49166615804036,112.60924911499023,112.37408320109049,111.31883494059244,110.38116963704428,109.20833841959636,113.42933146158852,114.60216267903644,115.5398279825846
2022-06-30,110.49949645996094,111.32980346679688,107.30999755859376,109.37249755859376,109.37249755859376,38046000,GOOG,109.33743286132812,109.31990051269531,109.35496520996094,107.34506225585938,105.31762695312501,103.32525634765626,111.36486816406249,113.35723876953124,115.3846740722656
2022-07-01,108.33699798583984,109.8063507080078,107.1050033569336,109.08100128173828,109.08100128173828,31028000,GOOG,108.66411844889323,108.4556770324707,108.87255986531576,107.52188618977867,105.96277109781903,104.82053883870446,110.22323354085287,111.36546579996744,112.92458089192708
2022-07-05,107.5145034790039,114.05259704589844,106.24949645996094,113.88700103759766,113.88700103759766,36398000,GOOG,111.39636484781902,110.15104675292969,112.64168294270834,108.74013264973959,103.59326426188152,100.93703206380209,116.54323323567709,119.19946543375652,124.34633382161459
2022-07-06,114.09200286865234,116.35199737548828,112.25050354003906,115.2135009765625,115.2135009765625,28852000,GOOG,114.60533396402995,114.30125045776367,114.90941747029623,112.85867055257162,110.50384012858073,108.7571767171224,116.96016438802084,118.70682779947917,121.06165822347006
2022-07-07,116.00800323486328,119.86199951171876,115.53399658203124,119.30599975585938,119.30599975585938,32184000,GOOG,118.23399861653645,117.697998046875,118.76999918619791,116.60599772135414,113.90599568684893,112.27799479166661,120.93400065104167,122.56200154622398,125.2620035807292
2022-07-08,117.5500030517578,120.43499755859376,117.51399993896484,120.1685028076172,120.1685028076172,29082000,GOOG,119.37250010172527,118.9744987487793,119.77050145467123,118.31000264485677,116.45150248209634,115.38900502522785,121.23100026448569,122.29349772135419,124.1519978841146
2022-07-11,118.6500015258789,118.79450225830078,116.2344970703125,116.52249908447266,116.52249908447266,26718000,GOOG,117.18383280436198,117.51449966430664,116.85316594441733,115.57316335042319,114.6238276163737,113.0131581624349,118.13316853841147,119.74383799235027,120.69317372639975
2022-07-12,116.8385009765625,117.84950256347656,114.61499786376952,114.84950256347656,114.84950256347656,24970000,GOOG,115.77133433024089,116.23225021362305,115.31041844685873,113.69316609700522,112.53682963053384,110.45866139729817,116.92767079671226,119.00583902994794,120.16217549641931
2022-07-13,112.63899993896484,115.15699768066406,111.822998046875,112.18699645996094,112.18699645996094,38958000,GOOG,113.0556640625,113.48999786376953,112.62133026123047,110.95433044433594,109.72166442871094,107.62033081054688,114.288330078125,116.38966369628906,117.62232971191406
2022-07-14,110.82599639892578,111.9875030517578,109.32550048828124,111.44000244140624,111.44000244140624,32366000,GOOG,110.91766866048175,110.65650177001952,111.17883555094399,109.8478342692057,108.25566609700519,107.18583170572914,112.50983683268227,113.57967122395831,115.17183939615883
2022-07-15,112.96299743652344,114.00050354003906,111.82250213623048,112.76699829101562,112.76699829101562,34330000,GOOG,112.86333465576172,112.91150283813477,112.81516647338867,111.72616577148438,110.68533325195314,109.5481643676758,113.90416717529295,115.0413360595703,116.08216857910153
2022-07-18,113.44000244140624,114.8000030517578,109.3000030517578,109.91000366210938,109.91000366210938,33354000,GOOG,111.336669921875,112.0500030517578,110.6233367919922,107.8733367919922,105.836669921875,102.3733367919922,113.3733367919922,116.836669921875,118.8733367919922
2022-07-19,111.7300033569336,114.80999755859376,110.5,114.62000274658205,114.62000274658205,30992300,GOOG,113.31000010172527,112.65499877929688,113.96500142415366,111.81000264485677,109.0000025431315,107.500005086263,116.12000020345053,117.61999766031903,120.4299977620443
2022-07-20,114.05999755859376,116.33000183105467,113.26000213623048,114.6999969482422,114.6999969482422,26780100,GOOG,114.76333363850911,114.79500198364258,114.73166529337564,113.19666544596355,111.69333394368492,110.12666575113936,116.26666514078774,117.8333333333333,119.33666483561193
2022-07-21,115.08999633789062,115.20999908447266,111.91000366210938,115.04000091552734,115.04000091552734,27267800,GOOG,114.05333455403645,113.56000137329102,114.54666773478189,112.89667002360025,110.75333913167317,109.59667460123697,116.19666544596353,117.35332997639973,119.49666086832681
2022-07-22,111.80999755859376,113.18000030517578,107.5999984741211,108.36000061035156,108.36000061035156,44455300,GOOG,109.71333312988281,110.38999938964844,109.03666687011719,106.24666595458984,104.13333129882812,100.66666412353516,111.82666778564453,115.2933349609375,117.40666961669922
2022-07-25,108.87999725341795,110.58000183105467,107.01000213623048,108.20999908447266,108.20999908447266,28289900,GOOG,108.60000101725261,108.79500198364258,108.40500005086264,106.62000020345054,105.03000132242842,103.05000050862635,110.18999989827473,112.1700007120768,113.75999959309893
2022-07-26,107.43000030517578,107.73999786376952,104.76000213623048,105.44000244140624,105.44000244140624,36626600,GOOG,105.98000081380208,106.25,105.71000162760416,104.22000376383464,103.00000508626304,101.2400080362956,107.19999949137367,108.95999654134111,110.17999521891271
2022-07-27,109.5999984741211,114.4000015258789,108.41999816894533,113.5999984741211,113.5999984741211,41474600,GOOG,112.13999938964844,111.40999984741211,112.86999893188477,109.87999725341797,106.15999603271486,103.89999389648439,115.86000061035155,118.12000274658202,121.84000396728513
2022-07-28,112.8000030517578,114.6999969482422,111.85099792480467,114.58999633789062,114.58999633789062,23303800,GOOG,113.71366373697917,113.27549743652344,114.1518300374349,112.72733052571614,110.86466471354164,109.87833150227861,115.57632954915367,116.5626627604167,118.4253285725912
2022-07-29,113.4000015258789,116.9000015258789,113.2300033569336,116.63999938964844,116.63999938964844,31336200,GOOG,115.59000142415364,115.06500244140625,116.11500040690103,114.28000132242838,111.92000325520833,110.61000315348306,117.94999949137369,119.25999959309895,121.619997660319
2022-08-01,115.52999877929688,117.12000274658205,114.69000244140624,115.4800033569336,115.4800033569336,22856200,GOOG,115.76333618164062,115.90500259399414,115.62166976928711,114.4066696166992,113.33333587646482,111.9766693115234,116.83666992187501,118.19333648681643,119.26667022705082
2022-08-02,114.43000030517578,117.08000183105467,114.26000213623048,115.9000015258789,115.9000015258789,17911000,GOOG,115.74666849772136,115.67000198364258,115.82333501180014,114.41333516438804,112.92666880289717,111.59333546956385,117.23333485921223,118.56666819254555,120.05333455403643
2022-08-03,116.33999633789062,119.41999816894533,116.1500015258789,118.77999877929688,118.77999877929688,25302800,GOOG,118.11666615804036,117.78499984741211,118.44833246866861,116.8133341471354,114.84666951497394,113.54333750406897,120.08333079020181,121.38666280110678,123.35332743326823
2022-08-04,118.3000030517578,119.5,117.70999908447266,118.87000274658205,118.87000274658205,15757700,GOOG,118.69333394368489,118.60499954223633,118.78166834513345,117.88666788736978,116.90333302815755,116.09666697184244,119.67666880289713,120.48333485921223,121.46666971842447
2022-08-05,116.93000030517578,118.86000061035156,116.70999908447266,118.22000122070312,118.22000122070312,15615700,GOOG,117.93000030517578,117.78499984741211,118.07500076293945,117.0,115.77999877929688,114.8499984741211,119.1500015258789,120.08000183105469,121.30000305175781
2022-08-08,119.12000274658205,120.86000061035156,117.83000183105467,118.13999938964844,118.13999938964844,17061100,GOOG,118.94333394368489,119.34500122070312,118.54166666666666,117.02666727701822,115.913335164388,113.99666849772133,120.05666605631511,121.97333272298178,123.086664835612
2022-08-09,117.98999786376952,118.1999969482422,116.55999755859376,117.5,117.5,15424300,GOOG,117.41999816894531,117.37999725341798,117.45999908447264,116.63999938964842,115.77999877929688,114.99999999999999,118.27999877929686,119.05999755859375,119.9199981689453
2022-08-10,119.58999633789062,121.77999877929688,119.36000061035156,120.6500015258789,120.6500015258789,20497000,GOOG,120.59666697184245,120.56999969482422,120.62333424886069,119.41333516438803,118.17666880289714,116.99333699544272,121.83333333333334,123.01666514078777,124.25333150227866
2022-08-11,122.08000183105467,122.33999633789062,119.5500030517578,119.81999969482422,119.81999969482422,16671600,GOOG,120.56999969482422,120.94499969482422,120.19499969482422,118.80000305175781,117.78000640869139,116.01000976562499,121.58999633789064,123.35999298095705,124.37998962402347
2022-08-12,121.16000366210938,122.6500015258789,120.4000015258789,122.6500015258789,122.6500015258789,16121100,GOOG,121.9000015258789,121.5250015258789,122.2750015258789,121.1500015258789,119.6500015258789,118.9000015258789,123.4000015258789,124.1500015258789,125.6500015258789
2022-08-15,122.20999908447266,123.26000213623048,121.56999969482422,122.87999725341795,122.87999725341795,15525000,GOOG,122.56999969482422,122.41500091552734,122.7249984741211,121.87999725341795,120.87999725341795,120.18999481201169,123.56999969482422,124.26000213623048,125.26000213623048
2022-08-16,122.31999969482422,123.22799682617188,121.53500366210938,122.51000213623048,122.51000213623048,15626200,GOOG,122.42433420817058,122.38150024414062,122.46716817220053,121.62067159016928,120.73134104410808,119.92767842610678,123.31366475423178,124.11732737223308,125.00665791829428
2022-08-17,120.93000030517578,122.1500015258789,120.1999969482422,120.31999969482422,120.31999969482422,17589200,GOOG,120.88999938964844,121.17499923706055,120.60499954223633,119.62999725341797,118.93999481201173,117.67999267578126,121.58000183105467,122.84000396728514,123.53000640869138
2022-08-18,120.2300033569336,121.69000244140624,119.5500030517578,120.86000061035156,120.86000061035156,15652000,GOOG,120.7000020345052,120.62000274658202,120.78000132242839,119.71000162760417,118.56000264485677,117.57000223795573,121.85000101725261,122.84000142415364,123.99000040690105
2022-08-19,119.87000274658205,120.0,117.66999816894533,118.12000274658205,118.12000274658205,20187000,GOOG,118.59666697184245,118.83499908447266,118.35833485921225,117.1933339436849,116.26666514078778,114.86333211263023,119.52333577473958,120.92666880289713,121.85333760579425
2022-08-22,116.0999984741211,116.5,114.66999816894533,115.06999969482422,115.06999969482422,19316000,GOOG,115.41333262125652,115.58499908447266,115.24166615804037,114.32666524251303,113.58333079020184,112.49666341145836,116.1566670735677,117.24333445231119,117.98666890462238
2022-08-23,114.31999969482422,115.93000030517578,114.3000030517578,114.7699966430664,114.7699966430664,14390700,GOOG,115.0,115.1150016784668,114.8849983215332,114.06999969482422,113.37000274658202,112.44000244140624,115.6999969482422,116.62999725341798,117.32999420166018
2022-08-24,114.4499969482422,115.71700286865234,113.77999877929688,114.6999969482422,114.6999969482422,16051200,GOOG,114.73233286539714,114.74850082397461,114.71616490681967,113.74766286214194,112.79532877604167,111.81065877278647,115.6846669514974,116.66933695475261,117.62167104085287
2022-08-25,115.1500015258789,117.77999877929688,115.0500030517578,117.6999969482422,117.6999969482422,14874700,GOOG,116.8433329264323,116.41500091552734,117.27166493733725,115.90666707356772,114.11333719889322,113.17667134602864,118.6366628011068,119.57332865397137,121.36665852864587
2022-08-26,115.80999755859376,116.5999984741211,111.22000122070312,111.3000030517578,111.3000030517578,31698700,GOOG,113.04000091552734,113.90999984741211,112.17000198364258,109.4800033569336,107.66000366210938,104.10000610351562,114.86000061035156,118.41999816894531,120.23999786376953
2022-08-29,110.77999877929688,111.95999908447266,109.80999755859376,110.33999633789062,110.33999633789062,20386100,GOOG,110.70333099365234,110.8849983215332,110.52166366577148,109.44666290283203,108.55332946777345,107.29666137695314,111.59666442871092,112.85333251953124,113.74666595458982
2022-08-30,111.02999877929688,111.37000274658205,108.8000030517578,109.91000366210938,109.91000366210938,20548200,GOOG,110.02666982014973,110.08500289916992,109.96833674112955,108.68333689371742,107.45667012532549,106.11333719889318,111.25333658854167,112.59666951497398,113.82333628336592
2022-08-31,111.62999725341795,111.7699966430664,109.0500030517578,109.1500015258789,109.1500015258789,25898000,GOOG,109.99000040690105,110.40999984741211,109.57000096638998,108.21000417073569,107.27000681559244,105.49001057942708,110.9299977620443,112.70999399820965,113.6499913533529
2022-09-01,109.1999969482422,111.22000122070312,108.19000244140624,110.5500030517578,110.5500030517578,22784400,GOOG,109.98666890462239,109.70500183105469,110.2683359781901,108.75333658854166,106.9566701253255,105.72333780924477,111.78333536783855,113.01666768391928,114.81333414713544
2022-09-02,111.33999633789062,111.6750030517578,108.12999725341795,108.68000030517578,108.68000030517578,20618100,GOOG,109.49500020345052,109.90250015258788,109.08750025431316,107.31499735514323,105.94999440511067,103.76999155680339,110.86000315348308,113.04000600179036,114.40500895182292
2022-09-06,108.13500213623048,108.87999725341795,106.51000213623048,107.4800033569336,107.4800033569336,20565100,GOOG,107.62333424886067,107.69499969482422,107.55166880289713,106.36667124430339,105.2533391316732,103.99667612711592,108.73666636149086,109.99332936604814,111.10666147867833
2022-09-07,107.76000213623048,110.98999786376952,107.61499786376952,110.4800033569336,110.4800033569336,22987200,GOOG,109.69499969482422,109.30249786376952,110.08750152587892,108.40000152587892,106.31999969482422,105.02500152587892,111.77500152587892,113.06999969482422,115.15000152587892
2022-09-08,109.18000030517578,110.58000183105467,108.05999755859376,109.41999816894533,109.41999816894533,21660700,GOOG,109.35333251953125,109.31999969482422,109.38666534423828,108.12666320800783,106.83332824707034,105.60665893554692,110.64666748046874,111.87333679199216,113.16667175292964
2022-09-09,110.0500030517578,112.0,110.0,111.77999877929688,111.77999877929688,21732900,GOOG,111.25999959309895,111.0,111.51999918619791,110.51999918619791,109.25999959309895,108.51999918619791,112.51999918619791,113.25999959309895,114.51999918619791
2022-09-12,111.98999786376952,112.63999938964844,110.93000030517578,111.87000274658205,111.87000274658205,19732900,GOOG,111.81333414713542,111.78499984741211,111.84166844685873,110.9866689046224,110.10333506266277,109.27666982014975,112.69666798909506,113.52333323160808,114.40666707356772
2022-09-13,108.88999938964844,109.37000274658205,105.0,105.30999755859376,105.30999755859376,33015000,GOOG,106.56000010172527,107.18500137329102,105.93499883015951,103.74999745686848,102.18999735514322,99.37999471028644,108.12000020345053,110.93000284830731,112.49000295003258
2022-09-14,105.44000244140624,106.0999984741211,104.5,105.87000274658205,105.87000274658205,22115800,GOOG,105.49000040690105,105.29999923706055,105.68000157674155,104.880002339681,103.89000193277995,103.2800038655599,106.48000081380209,107.08999888102214,108.07999928792319
2022-09-15,105.01000213623048,106.20999908447266,103.30999755859376,103.9000015258789,103.9000015258789,26494900,GOOG,104.47333272298177,104.7599983215332,104.18666712443033,102.73666636149088,101.57333119710287,99.83666483561198,105.63666788736977,107.37333424886066,108.53666941324866
2022-09-16,102.97000122070312,104.02999877929688,101.8550033569336,103.62999725341795,103.62999725341795,64540100,GOOG,103.17166646321614,102.94250106811523,103.40083185831705,102.31333414713541,100.99667104085286,100.13833872477213,104.48832956949869,105.34666188557942,106.66332499186197
2022-09-19,102.54000091552734,104.0199966430664,102.37000274658205,103.8499984741211,103.8499984741211,19738600,GOOG,103.41333262125652,103.19499969482422,103.63166554768881,102.80666859944662,101.76333872477215,101.15667470296226,104.45666249593098,105.06332651774088,106.10665639241535
2022-09-20,102.87999725341795,103.16999816894533,101.12000274658205,101.83000183105467,101.83000183105467,24001700,GOOG,102.04000091552734,102.14500045776369,101.935001373291,100.91000366210936,99.99000549316406,98.86000823974608,102.95999908447264,104.08999633789062,105.00999450683592
2022-09-21,102.23999786376952,103.48999786376952,99.98999786376952,100.01000213623048,100.01000213623048,26596800,GOOG,101.16333262125652,101.73999786376952,100.58666737874351,98.83666737874351,97.66333262125652,95.33666737874351,102.33666737874351,104.66333262125652,105.83666737874351
2022-09-22,99.4499969482422,101.68000030517578,99.41000366210938,100.56999969482422,100.56999969482422,21272700,GOOG,100.55333455403645,100.54500198364258,100.56166712443033,99.42666880289713,98.28333791097005,97.15667215983072,101.69666544596353,102.82333119710286,103.96666208902994
2022-09-23,100.05999755859376,100.11000061035156,98.01000213623048,99.16999816894533,99.16999816894533,25657000,GOOG,99.09666697184245,99.06000137329102,99.13333257039389,98.08333333333334,96.99666849772137,95.98333485921226,100.18333180745442,101.19666544596353,102.2833302815755
2022-09-26,98.61000061035156,100.44000244140624,98.37999725341795,98.80999755859376,98.80999755859376,22437900,GOOG,99.20999908447266,99.4099998474121,99.00999832153322,97.97999572753908,97.14999389648438,95.9199905395508,100.04000091552736,101.27000427246094,102.10000610351564
2022-09-27,99.91000366210938,100.45999908447266,97.33999633789062,98.08999633789062,98.08999633789062,24225000,GOOG,98.62999725341797,98.89999771118164,98.3599967956543,96.79999542236328,95.50999450683594,93.67999267578125,99.91999816894531,101.75,103.04000091552734
2022-09-28,98.0199966430664,101.4000015258789,97.8000030517578,100.73999786376952,100.73999786376952,24617000,GOOG,99.98000081380208,99.60000228881836,100.3599993387858,98.56000010172525,96.38000233968097,94.96000162760414,102.15999857584636,103.57999928792319,105.75999704996747
2022-09-29,99.3000030517578,99.3000030517578,96.5199966430664,98.08999633789062,98.08999633789062,21921500,GOOG,97.96999867757161,97.90999984741211,98.02999750773111,96.63999430338542,95.18999226888022,93.85998789469403,99.42000071207681,100.750005086263,102.2000071207682
2022-09-30,97.7300033569336,99.49400329589844,96.02999877929688,96.1500015258789,96.1500015258789,26277800,GOOG,97.22466786702473,97.76200103759766,96.68733469645181,94.95533243815103,93.76066335042317,91.49132792154947,98.4193369547526,100.6886723836263,101.88334147135416
2022-10-03,97.22000122070312,99.97000122070312,97.0199966430664,99.3000030517578,99.3000030517578,24840000,GOOG,98.76333363850911,98.49499893188477,99.03166834513345,97.5566660563151,95.81332906087239,94.60666147867838,100.50667063395181,101.71333821614583,103.45667521158853
2022-10-04,101.04000091552734,102.72000122070312,101.04000091552734,102.41000366210938,102.41000366210938,22580900,GOOG,102.05666859944661,101.88000106811523,102.23333613077799,101.3933359781901,100.37666829427083,99.71333567301431,103.07333628336588,103.73666890462239,104.75333658854166
2022-10-05,100.69000244140624,102.73999786376952,99.73999786376952,102.22000122070312,102.22000122070312,18475500,GOOG,101.56666564941406,101.23999786376952,101.89333343505861,100.39333343505861,98.56666564941406,97.39333343505861,103.39333343505861,104.56666564941406,106.39333343505861
2022-10-06,101.5,103.7300033569336,101.5,102.23999786376952,102.23999786376952,17156200,GOOG,102.49000040690105,102.6150016784668,102.3649991353353,101.2499974568685,100.25999704996745,99.0199940999349,103.48000081380209,104.72000376383464,105.71000417073569
2022-10-07,100.6500015258789,101.41999816894533,99.20999908447266,99.56999969482422,99.56999969482422,24249900,GOOG,100.06666564941406,100.31499862670898,99.81833267211914,98.7133331298828,97.85666656494139,96.50333404541013,100.92333221435547,102.27666473388673,103.13333129882814
2022-10-10,99.8499984741211,99.98999786376952,97.87000274658205,98.70999908447266,98.70999908447266,16529900,GOOG,98.8566665649414,98.93000030517578,98.78333282470703,97.7233352661133,96.73667144775393,95.60334014892582,99.84333038330077,100.97666168212888,101.96332550048824
2022-10-11,98.25,100.12000274658205,97.25,98.0500030517578,98.0500030517578,21617700,GOOG,98.47333526611328,98.68500137329102,98.26166915893555,96.82666778564452,95.60333251953124,93.95666503906247,99.69667053222656,101.34333801269533,102.56667327880861
2022-10-12,98.2699966430664,99.64800262451172,97.66999816894533,98.3000030517578,98.3000030517578,17343400,GOOG,98.53933461507161,98.65900039672852,98.4196688334147,97.4306666056315,96.56133015950522,95.45266215006511,99.4086710611979,100.517339070638,101.38667551676429
2022-10-13,95.93000030517578,100.52999877929688,95.2699966430664,99.70999908447266,99.70999908447266,32812200,GOOG,98.50333150227864,97.89999771118164,99.10666529337564,96.47666422526041,93.24332936604817,91.21666208902994,101.73666636149088,103.76333363850911,106.99666849772134
2022-10-14,100.625,101.29000091552734,97.02999877929688,97.18000030517578,97.18000030517578,22624800,GOOG,98.5,99.15999984741211,97.84000015258789,95.70999908447266,94.23999786376953,91.44999694824219,99.97000122070312,102.76000213623047,104.2300033569336
2022-10-17,99.5199966430664,101.7699966430664,99.51000213623048,100.77999877929688,100.77999877929688,23311600,GOOG,100.68666585286458,100.63999938964844,100.73333231608072,99.60333506266275,98.42667134602866,97.34334055582683,101.86332956949867,102.9466603597005,104.1233240763346
2022-10-18,103.94000244140624,104.22000122070312,100.6500015258789,101.38999938964844,101.38999938964844,21610500,GOOG,102.08666737874348,102.43500137329102,101.73833338419595,99.95333353678384,98.51666768391927,96.38333384195963,103.52333323160806,105.6566670735677,107.09333292643228
2022-10-19,100.6999969482422,101.65899658203124,99.63500213623048,100.29000091552734,100.29000091552734,21573700,GOOG,100.52799987792969,100.64699935913086,100.40900039672852,99.39700317382814,98.50400543212893,97.37300872802739,101.42099761962889,102.55199432373044,103.44499206542964
2022-10-20,100.81999969482422,103.0,99.97000122070312,100.52999877929688,100.52999877929688,25125100,GOOG,101.16666666666667,101.48500061035156,100.84833272298178,99.33333333333334,98.1366678873698,96.30333455403647,102.36333211263022,104.19666544596355,105.39333089192709
2022-10-21,98.45999908447266,101.62000274658205,98.2300033569336,101.4800033569336,101.4800033569336,28988700,GOOG,100.4433364868164,99.92500305175781,100.961669921875,99.26667022705077,97.05333709716795,95.87667083740232,102.65666961669922,103.83333587646486,106.04666900634767
2022-10-24,102.08999633789062,103.0999984741211,100.3000030517578,102.97000122070312,102.97000122070312,24680800,GOOG,102.12333424886067,101.70000076293945,102.54666773478189,101.14667002360025,99.32333882649738,98.34667460123696,103.94666544596355,104.92332967122397,106.74666086832684
2022-10-25,103.3000030517578,105.0999984741211,103.0199966430664,104.93000030517578,104.93000030517578,29910200,GOOG,104.3499984741211,104.05999755859375,104.63999938964844,103.5999984741211,102.2699966430664,101.5199966430664,105.68000030517578,106.43000030517578,107.76000213623047
2022-10-26,96.76000213623048,98.54000091552734,94.56999969482422,94.81999969482422,94.81999969482422,71504300,GOOG,95.97666676839192,96.55500030517578,95.39833323160806,93.4133326212565,92.0066655476888,89.44333140055338,97.38333384195963,99.94666798909505,101.35333506266275
2022-10-27,94.30999755859376,95.16999816894533,91.9000015258789,92.5999984741211,92.5999984741211,54036500,GOOG,93.22333272298177,93.53499984741211,92.91166559855142,91.2766672770182,89.95333607991535,88.00667063395179,94.54666392008463,96.49332936604819,97.81666056315105
2022-10-28,92.52999877929688,96.86000061035156,92.322998046875,96.58000183105467,96.58000183105467,35696900,GOOG,95.25433349609375,94.59149932861328,95.91716766357422,93.64866638183594,90.71733093261719,89.11166381835938,98.1856689453125,99.79133605957031,102.72267150878906
2022-10-31,95.77999877929688,96.3499984741211,94.37999725341795,94.66000366210938,94.66000366210938,29868700,GOOG,95.12999979654948,95.36499786376953,94.89500172932944,93.91000111897787,93.15999857584634,91.93999989827473,95.88000233968101,97.10000101725262,97.85000356038415
